{"schemaVersion":"1.0","appDefinitionTemplate":{"id":"/providers/Microsoft.PowerApps/apps/","type":"Microsoft.PowerApps/apps","tags":{"primaryDeviceWidth":"1366","primaryDeviceHeight":"768","supportsPortrait":"false","supportsLandscape":"true","primaryFormFactor":"Tablet","publisherVersion":"3.22064.18","minimumRequiredApiVersion":"2.2.0","hasComponent":"false","hasUnlockedComponent":"false","isUnifiedRootApp":"false","sienaVersion":"20220720T105112Z-3.22064.18.0"},"properties":{"appVersion":"2022-07-20T10:51:12Z","lifeCycleId":"Published","createdByClientVersion":{"major":3,"minor":22064,"build":18,"revision":0,"majorRevision":0,"minorRevision":0},"minClientVersion":{"major":3,"minor":22064,"build":18,"revision":0,"majorRevision":0,"minorRevision":0},"backgroundColor":"rgba(0, 176, 240, 1)","backgroundImageUri":"/12367871810066276666/N4681a4cd-7d39-4f67-aff9-33f24b3c6541-logoSmallFile","displayName":"Leave Request Application","description":"Submit a vacation request for manager approval. Select date ranges, add notes and manage your time off.","commitMessage":"","appUris":{"documentUri":{"value":"/12367871810066276666/N23bca1e2-e58b-4f7c-b03b-be61b37818be-document.msapp"},"imageUris":[],"additionalUris":[]},"createdTime":"0001-01-01T00:00:00Z","lastModifiedTime":"0001-01-01T00:00:00Z","sharedGroupsCount":0,"sharedUsersCount":0,"icons":{"smallIconUri":"/12367871810066276666/N6371fb97-3d22-4051-ab58-64e250020855-small.png","mediumIconUri":"/12367871810066276666/N866b393f-feec-489b-bcf7-ced452af7389-medium.png","largeIconUri":"/12367871810066276666/N09445ad4-b02b-4f9c-be55-ace9073f139f-large.png","wideIconUri":"/12367871810066276666/N05c8d2b8-8f39-4ac8-8a0c-ebe39154b7c2-wide.png"},"connectionReferences":{"6f72918a-7921-fa64-14bf-78187ad1b172":{"id":"334a3fde-3a96-4ca3-995f-296974112268","displayName":"Office 365 Users","iconUri":"https://connectoricons-prod.azureedge.net/releases/v1.0.1587/1.0.1587.2924/office365users/icon.png","dataSources":["Office365Users"],"dependencies":[],"dependents":[],"parameterHints":{},"parameterHintsV2":{},"isOnPremiseConnection":false,"bypassConsent":false,"dataSets":{},"apiTier":"Standard","isCustomApiConnection":false,"actions":["MyProfile","Manager","UserPhotoMetadata","UserPhoto","UserProfile","SearchUser"]},"3d08df1a-c8f0-4fc6-8115-bc671ed3b356":{"id":"3f97a003-c538-45ae-a6d2-395e369842fb","displayName":"Office 365 Outlook","iconUri":"https://connectoricons-prod.azureedge.net/releases/v1.0.1588/1.0.1588.2938/office365/icon.png","dataSources":["Office365Outlook"],"dependencies":[],"dependents":[],"parameterHints":{},"parameterHintsV2":{},"isOnPremiseConnection":false,"bypassConsent":false,"dataSets":{},"apiTier":"Standard","isCustomApiConnection":false,"actions":["SendEmailV2"]},"036ee41c-33fd-4e0f-ac7b-65e60e181ab8":{"id":"23129235-6bd1-47c9-bf67-c140f7611bb9","displayName":"Excel","iconUri":"https://connectoricons-prod.azureedge.net/releases/v1.0.1570/1.0.1570.2764/excel/icon.png","dataSources":["Leave","Holidays","Balance"],"dependencies":["060d06c6-2147-4502-93f9-84b970adadf9"],"dependents":[],"parameterHints":{"060d06c6-2147-4502-93f9-84b970adadf9":{"value":"fileSource"}},"parameterHintsV2":{"fileSource":{"value":"060d06c6-2147-4502-93f9-84b970adadf9"}},"isOnPremiseConnection":false,"bypassConsent":false,"dataSets":{"b!wVRI6hE6N0e35iVrKgD3hh1_AgYzJr1Jp_F6DOLhYBnNJekU5MFITp5-HzM3IHD1.0176PQTR7LBGDYLZNUTVBJLK2HVKYQOVFX":{"dataSources":{"Leave":{"tableName":"Leave"},"Holidays":{"tableName":"Holidays"},"Balance":{"tableName":"Balance"}}}},"apiTier":"Standard","isCustomApiConnection":false,"actions":["providers/PowerPlatform.Governance/Operations/Read","providers/PowerPlatform.Governance/Operations/Write"]},"060d06c6-2147-4502-93f9-84b970adadf9":{"id":"e7317ec0-ef5c-4e44-a211-460148fc2cc5","displayName":"OneDrive for Business","iconUri":"https://connectoricons-prod.azureedge.net/releases/v1.0.1546/1.0.1546.2665/onedriveforbusiness/icon.png","dataSources":[],"dependencies":[],"dependents":["036ee41c-33fd-4e0f-ac7b-65e60e181ab8"],"parameterHints":{},"parameterHintsV2":{},"isOnPremiseConnection":false,"bypassConsent":false,"dataSets":{},"apiTier":"Standard","isCustomApiConnection":false}},"databaseReferences":{},"almMode":"Environment","performanceOptimizationEnabled":true,"canConsumeAppPass":true,"executionRestrictions":{"isTeamsOnly":false,"dataLossPreventionEvaluationResult":{"status":"Compliant","lastEvaluationDate":"2022-07-20T09:58:32.6837535Z","violations":[],"violationsByPolicy":[],"violationErrorMessage":"The app uses the following connectors: shared_office365users, shared_office365, shared_excel, shared_onedriveforbusiness."}}},"appType":"ClassicCanvasApp","appComponents":[]}}